{
    "counter": {
        "ACTIVE": 15331,
        "INACTIVE": 5669,
        "INVALID": 0,
        "MALICIOUS": 0,
        "SANE": 0,
        "VALID": 0,
        "total": 21000
    },
    "percentage": {
        "ACTIVE": 73.00823848754703,
        "INACTIVE": 26.995238095238093,
        "INVALID": 0,
        "MALICIOUS": 0,
        "SANE": 0,
        "VALID": 0,
        "total": 100.00347658278513
    }
}