{
    "counter": {
        "ACTIVE": 16056,
        "INACTIVE": 4944,
        "INVALID": 0,
        "MALICIOUS": 0,
        "SANE": 0,
        "VALID": 0,
        "total": 21000
    },
    "percentage": {
        "ACTIVE": 76.46078384684985,
        "INACTIVE": 23.542857142857144,
        "INVALID": 0,
        "MALICIOUS": 0,
        "SANE": 0,
        "VALID": 0,
        "total": 100.003640989707
    }
}