{
    "counter": {
        "ACTIVE": 15877,
        "INACTIVE": 5123,
        "INVALID": 0,
        "MALICIOUS": 0,
        "SANE": 0,
        "VALID": 0,
        "total": 21000
    },
    "percentage": {
        "ACTIVE": 75.60836230296681,
        "INACTIVE": 24.395238095238096,
        "INVALID": 0,
        "MALICIOUS": 0,
        "SANE": 0,
        "VALID": 0,
        "total": 100.00360039820491
    }
}