{
    "counter": {
        "ACTIVE": 15672,
        "INACTIVE": 5328,
        "INVALID": 0,
        "MALICIOUS": 0,
        "SANE": 0,
        "VALID": 0,
        "total": 21000
    },
    "percentage": {
        "ACTIVE": 74.63212533930187,
        "INACTIVE": 25.37142857142857,
        "INVALID": 0,
        "MALICIOUS": 0,
        "SANE": 0,
        "VALID": 0,
        "total": 100.00355391073043
    }
}