{
    "counter": {
        "ACTIVE": 13809,
        "INACTIVE": 7191,
        "INVALID": 0,
        "MALICIOUS": 0,
        "SANE": 0,
        "VALID": 0,
        "total": 21000
    },
    "percentage": {
        "ACTIVE": 65.75714285714285,
        "INACTIVE": 34.24285714285714,
        "INVALID": 0.0,
        "MALICIOUS": 0.0,
        "SANE": 0.0,
        "VALID": 0.0,
        "total": 100.0
    }
}