{
    "counter": {
        "ACTIVE": 15433,
        "INACTIVE": 5567,
        "INVALID": 0,
        "MALICIOUS": 0,
        "SANE": 0,
        "VALID": 0,
        "total": 21000
    },
    "percentage": {
        "ACTIVE": 73.49397590361446,
        "INACTIVE": 26.50952380952381,
        "INVALID": 0,
        "MALICIOUS": 0,
        "SANE": 0,
        "VALID": 0,
        "total": 100.00349971313827
    }
}