{
    "counter": {
        "ACTIVE": 14197,
        "INACTIVE": 6803,
        "INVALID": 0,
        "MALICIOUS": 0,
        "SANE": 0,
        "VALID": 0,
        "total": 21000
    },
    "percentage": {
        "ACTIVE": 67.6047619047619,
        "INACTIVE": 32.39523809523809,
        "INVALID": 0.0,
        "MALICIOUS": 0.0,
        "SANE": 0.0,
        "VALID": 0.0,
        "total": 100.0
    }
}