{
    "counter": {
        "ACTIVE": 13930,
        "INACTIVE": 7070,
        "INVALID": 0,
        "MALICIOUS": 0,
        "SANE": 0,
        "VALID": 0,
        "total": 21000
    },
    "percentage": {
        "ACTIVE": 66.33333333333333,
        "INACTIVE": 33.666666666666664,
        "INVALID": 0.0,
        "MALICIOUS": 0.0,
        "SANE": 0.0,
        "VALID": 0.0,
        "total": 100.0
    }
}