{
    "counter": {
        "ACTIVE": 16182,
        "INACTIVE": 4818,
        "INVALID": 0,
        "MALICIOUS": 0,
        "SANE": 0,
        "VALID": 0,
        "total": 21000
    },
    "percentage": {
        "ACTIVE": 77.06081241963903,
        "INACTIVE": 22.942857142857143,
        "INVALID": 0,
        "MALICIOUS": 0,
        "SANE": 0,
        "VALID": 0,
        "total": 100.00366956249619
    }
}