{
    "counter": {
        "ACTIVE": 15803,
        "INACTIVE": 5197,
        "INVALID": 0,
        "MALICIOUS": 0,
        "SANE": 0,
        "VALID": 0,
        "total": 21000
    },
    "percentage": {
        "ACTIVE": 75.25596456974142,
        "INACTIVE": 24.747619047619047,
        "INVALID": 0,
        "MALICIOUS": 0,
        "SANE": 0,
        "VALID": 0,
        "total": 100.00358361736048
    }
}