{
    "counter": {
        "ACTIVE": 13600,
        "INACTIVE": 7400,
        "INVALID": 0,
        "MALICIOUS": 0,
        "SANE": 0,
        "VALID": 0,
        "total": 21000
    },
    "percentage": {
        "ACTIVE": 64.76190476190476,
        "INACTIVE": 35.23809523809524,
        "INVALID": 0.0,
        "MALICIOUS": 0.0,
        "SANE": 0.0,
        "VALID": 0.0,
        "total": 100.0
    }
}